{
	"GameCheckInfo":{
		"1":{
			"tryTimes":10,
			"RigidCup":[-184.79365992218825,-328.23170744610354],
			"cupLine":[181.38442348044123,-329.73294322585053],
			"RigidShuiLongTou":[181.38530734632684,32.359820089955065]
		},
		"2":{
			"tryTimes":10,
			"RigidDangBan240":[176.27586206896552,-156.68965517241378],
			"RigidcupLine":[183.08801650809465,-98.42170303207826],
			"RigidShuiLongTou":[183.08845577211395,296.3478260869566],
			"RigidCup":[-234.18339672698679,-328.2313863597591]
		},
		"3":{
			"tryTimes":10,
			"RigidDangBan240":[-108.14992503748124,-245.25337331334327],
			"cupLine":[-114.96278920119144,-186.9854212041394],
			"RigidShuiLongTou":[-114.96251874062966,185.6431784107947],
			"RigidCup":[213.74503920274765,-328.2319050330332]
		},
		"4":{
			"tryTimes": 10,
			"RigidDangBan240": [
				120.07196401799104,
				-292.9415292353823
			],
			"cupLine": [
				154.1341120203624,
				-234.673577024542
			],
			"RigidShuiLongTou": [
				154.13493253373315,
				168.61169415292375
			],
			"RigidDangBan120": [
				-188.19790104947526,
				-124.32983508245877
			],
			"RigidCup": [
				-183.08840121659784,
				-64.4986286203673
			]
		}
		"5":{
			"tryTimes": 10,
			"RigidDangBan240": [
				176.27586206896552,
				-296.3478260869567
			],
			"RigidDangBan120": [
				-46.836581709145435,
				-296.3478260869565
			],
			"RigidcupLine": [
				215.4482155458128,
				-238.08022480051517
			],
			"RigidShuiLongTou": [
				215.44827586206895,
				71.53223388305855
			],
			"RigidCup": [
				-70.68060511464881,
				-236.51661962486497
			]
		},
		"6":{
			"tryTimes": 10,
			"RigidDangBan240": [
				176.27586206896552,
				-269.0974512743628
			],
			"RigidcupLine": [
				215.44800540150732,
				-210.82949916515895
			],
			"RigidShuiLongTou": [
				215.44827586206895,
				117.51724137931035
			],
			"RigidCup": [
				-218.85984894146935,
				-328.2151880117681
			],
			"RigidDangBan120": [
				-7.664167916041947,
				-195.8620689655172
			]
		}
	}
}